,test_patient,train_shape,test_shape,train_lable_count,test_label_count,sensor_pos,sensor_type,features,model_name,started_at,ended_at,duration,accuracy,f1_score,auc_score,conf_matrix,clf_report
0,G04,"(18925, 55)","(725, 55)","{0.0: 13689, 1.0: 5236}","{1.0: 519, 0.0: 206}",feet,acc,"['avg', 'std', 'max', 'min', 'var', 'fi', 'pi', 'fp', 'lp']",SupportVectorsMachine,2020-07-23 20:55:12.784732,2020-07-23 20:56:48.883022,0:01:36.098290,0.35724137931034483,0.455607476635514,0.3432010775015433,"[[ 64 142]
 [324 195]]","{'0.0': {'precision': 0.16494845360824742, 'recall': 0.3106796116504854, 'f1-score': 0.21548821548821548, 'support': 206}, '1.0': {'precision': 0.5786350148367952, 'recall': 0.37572254335260113, 'f1-score': 0.455607476635514, 'support': 519}, 'accuracy': 0.35724137931034483, 'macro avg': {'precision': 0.3717917342225213, 'recall': 0.3432010775015433, 'f1-score': 0.3355478460618647, 'support': 725}, 'weighted avg': {'precision': 0.4610909712325458, 'recall': 0.35724137931034483, 'f1-score': 0.3873804865715919, 'support': 725}}"
1,G04,"(18925, 55)","(725, 55)","{0.0: 13689, 1.0: 5236}","{1.0: 519, 0.0: 206}",feet,acc,"['avg', 'std', 'max', 'min', 'var', 'fi', 'pi', 'fp', 'lp']",RandomForest,2020-07-23 20:56:48.883119,2020-07-23 20:57:22.908284,0:00:34.025165,0.2910344827586207,0.019083969465648852,0.5048169556840078,"[[206   0]
 [514   5]]","{'0.0': {'precision': 0.2861111111111111, 'recall': 1.0, 'f1-score': 0.4449244060475162, 'support': 206}, '1.0': {'precision': 1.0, 'recall': 0.009633911368015413, 'f1-score': 0.019083969465648852, 'support': 519}, 'accuracy': 0.2910344827586207, 'macro avg': {'precision': 0.6430555555555555, 'recall': 0.5048169556840078, 'f1-score': 0.23200418775658252, 'support': 725}, 'weighted avg': {'precision': 0.7971570881226053, 'recall': 0.2910344827586207, 'f1-score': 0.14008139006684153, 'support': 725}}"
2,G04,"(18925, 55)","(725, 55)","{0.0: 13689, 1.0: 5236}","{1.0: 519, 0.0: 206}",feet,acc,"['avg', 'std', 'max', 'min', 'var', 'fi', 'pi', 'fp', 'lp']",GaussianNaiveBayes,2020-07-23 20:57:22.908361,2020-07-23 20:57:22.948455,0:00:00.040094,0.7034482758620689,0.7946513849092646,0.6289260527152665,"[[ 94 112]
 [103 416]]","{'0.0': {'precision': 0.47715736040609136, 'recall': 0.4563106796116505, 'f1-score': 0.4665012406947891, 'support': 206}, '1.0': {'precision': 0.7878787878787878, 'recall': 0.8015414258188824, 'f1-score': 0.7946513849092646, 'support': 519}, 'accuracy': 0.7034482758620689, 'macro avg': {'precision': 0.6325180741424397, 'recall': 0.6289260527152665, 'f1-score': 0.6305763128020269, 'support': 725}, 'weighted avg': {'precision': 0.6995910443486147, 'recall': 0.7034482758620689, 'f1-score': 0.7014114818634963, 'support': 725}}"
3,G04,"(18925, 55)","(725, 55)","{0.0: 13689, 1.0: 5236}","{1.0: 519, 0.0: 206}",feet,acc,"['avg', 'std', 'max', 'min', 'var', 'fi', 'pi', 'fp', 'lp']",K-NearestNeighbors,2020-07-23 20:57:22.948529,2020-07-23 20:57:23.453468,0:00:00.504939,0.3737931034482759,0.3343108504398827,0.49089455076042426,"[[157  49]
 [405 114]]","{'0.0': {'precision': 0.2793594306049822, 'recall': 0.7621359223300971, 'f1-score': 0.4088541666666667, 'support': 206}, '1.0': {'precision': 0.6993865030674846, 'recall': 0.21965317919075145, 'f1-score': 0.3343108504398827, 'support': 519}, 'accuracy': 0.3737931034482759, 'macro avg': {'precision': 0.48937296683623344, 'recall': 0.49089455076042426, 'f1-score': 0.3715825085532747, 'support': 725}, 'weighted avg': {'precision': 0.5800408797195183, 'recall': 0.3737931034482759, 'f1-score': 0.3554914340850103, 'support': 725}}"
4,G04,"(18925, 55)","(725, 55)","{0.0: 13689, 1.0: 5236}","{1.0: 519, 0.0: 206}",feet,acc,"['avg', 'std', 'max', 'min', 'var', 'fi', 'pi', 'fp', 'lp']",K-NearestNeighbors_DynamicTimeWrapping,2020-07-23 20:57:23.453545,2020-07-23 20:59:52.503571,0:02:29.050026,0.32,0.25416036308623297,0.44014815646220323,"[[148  58]
 [435  84]]","{'0.0': {'precision': 0.2538593481989708, 'recall': 0.7184466019417476, 'f1-score': 0.3751584283903675, 'support': 206}, '1.0': {'precision': 0.5915492957746479, 'recall': 0.16184971098265896, 'f1-score': 0.25416036308623297, 'support': 519}, 'accuracy': 0.32, 'macro avg': {'precision': 0.42270432198680935, 'recall': 0.4401481564622033, 'f1-score': 0.31465939573830026, 'support': 725}, 'weighted avg': {'precision': 0.49559877273935204, 'recall': 0.32, 'f1-score': 0.288540503020925, 'support': 725}}"
5,G05,"(19185, 55)","(465, 55)","{0.0: 13430, 1.0: 5755}",{0.0: 465},feet,acc,"['avg', 'std', 'max', 'min', 'var', 'fi', 'pi', 'fp', 'lp']",SupportVectorsMachine,2020-07-23 20:59:55.053286,2020-07-23 21:01:42.995856,0:01:47.942570,0.7419354838709677,0.0,0,"[[345 120]
 [  0   0]]","{'0.0': {'precision': 1.0, 'recall': 0.7419354838709677, 'f1-score': 0.8518518518518519, 'support': 465}, '1.0': {'precision': 0.0, 'recall': 0.0, 'f1-score': 0.0, 'support': 0}, 'accuracy': 0.7419354838709677, 'macro avg': {'precision': 0.5, 'recall': 0.3709677419354839, 'f1-score': 0.42592592592592593, 'support': 465}, 'weighted avg': {'precision': 1.0, 'recall': 0.7419354838709677, 'f1-score': 0.851851851851852, 'support': 465}}"
6,G05,"(19185, 55)","(465, 55)","{0.0: 13430, 1.0: 5755}",{0.0: 465},feet,acc,"['avg', 'std', 'max', 'min', 'var', 'fi', 'pi', 'fp', 'lp']",RandomForest,2020-07-23 21:01:42.995943,2020-07-23 21:02:18.357364,0:00:35.361421,0.9870967741935484,0.0,0,"[[459   6]
 [  0   0]]","{'0.0': {'precision': 1.0, 'recall': 0.9870967741935484, 'f1-score': 0.9935064935064934, 'support': 465}, '1.0': {'precision': 0.0, 'recall': 0.0, 'f1-score': 0.0, 'support': 0}, 'accuracy': 0.9870967741935484, 'macro avg': {'precision': 0.5, 'recall': 0.4935483870967742, 'f1-score': 0.4967532467532467, 'support': 465}, 'weighted avg': {'precision': 1.0, 'recall': 0.9870967741935484, 'f1-score': 0.9935064935064934, 'support': 465}}"
7,G05,"(19185, 55)","(465, 55)","{0.0: 13430, 1.0: 5755}",{0.0: 465},feet,acc,"['avg', 'std', 'max', 'min', 'var', 'fi', 'pi', 'fp', 'lp']",GaussianNaiveBayes,2020-07-23 21:02:18.357445,2020-07-23 21:02:18.395171,0:00:00.037726,0.5763440860215053,0.0,0,"[[268 197]
 [  0   0]]","{'0.0': {'precision': 1.0, 'recall': 0.5763440860215053, 'f1-score': 0.7312414733969986, 'support': 465}, '1.0': {'precision': 0.0, 'recall': 0.0, 'f1-score': 0.0, 'support': 0}, 'accuracy': 0.5763440860215053, 'macro avg': {'precision': 0.5, 'recall': 0.28817204301075267, 'f1-score': 0.3656207366984993, 'support': 465}, 'weighted avg': {'precision': 1.0, 'recall': 0.5763440860215053, 'f1-score': 0.7312414733969986, 'support': 465}}"
8,G05,"(19185, 55)","(465, 55)","{0.0: 13430, 1.0: 5755}",{0.0: 465},feet,acc,"['avg', 'std', 'max', 'min', 'var', 'fi', 'pi', 'fp', 'lp']",K-NearestNeighbors,2020-07-23 21:02:18.395248,2020-07-23 21:02:18.706407,0:00:00.311159,0.9032258064516129,0.0,0,"[[420  45]
 [  0   0]]","{'0.0': {'precision': 1.0, 'recall': 0.9032258064516129, 'f1-score': 0.9491525423728813, 'support': 465}, '1.0': {'precision': 0.0, 'recall': 0.0, 'f1-score': 0.0, 'support': 0}, 'accuracy': 0.9032258064516129, 'macro avg': {'precision': 0.5, 'recall': 0.45161290322580644, 'f1-score': 0.47457627118644063, 'support': 465}, 'weighted avg': {'precision': 1.0, 'recall': 0.9032258064516129, 'f1-score': 0.9491525423728813, 'support': 465}}"
9,G05,"(19185, 55)","(465, 55)","{0.0: 13430, 1.0: 5755}",{0.0: 465},feet,acc,"['avg', 'std', 'max', 'min', 'var', 'fi', 'pi', 'fp', 'lp']",K-NearestNeighbors_DynamicTimeWrapping,2020-07-23 21:02:18.706484,2020-07-23 21:03:39.963083,0:01:21.256599,0.8580645161290322,0.0,0,"[[399  66]
 [  0   0]]","{'0.0': {'precision': 1.0, 'recall': 0.8580645161290322, 'f1-score': 0.9236111111111112, 'support': 465}, '1.0': {'precision': 0.0, 'recall': 0.0, 'f1-score': 0.0, 'support': 0}, 'accuracy': 0.8580645161290322, 'macro avg': {'precision': 0.5, 'recall': 0.4290322580645161, 'f1-score': 0.4618055555555556, 'support': 465}, 'weighted avg': {'precision': 1.0, 'recall': 0.8580645161290322, 'f1-score': 0.9236111111111112, 'support': 465}}"
10,G06,"(19193, 55)","(457, 55)","{0.0: 13590, 1.0: 5603}","{0.0: 305, 1.0: 152}",feet,acc,"['avg', 'std', 'max', 'min', 'var', 'fi', 'pi', 'fp', 'lp']",SupportVectorsMachine,2020-07-23 21:03:42.577590,2020-07-23 21:05:28.436938,0:01:45.859348,0.5470459518599562,0.0,0.4098360655737705,"[[250  55]
 [152   0]]","{'0.0': {'precision': 0.6218905472636815, 'recall': 0.819672131147541, 'f1-score': 0.7072135785007072, 'support': 305}, '1.0': {'precision': 0.0, 'recall': 0.0, 'f1-score': 0.0, 'support': 152}, 'accuracy': 0.5470459518599562, 'macro avg': {'precision': 0.31094527363184077, 'recall': 0.4098360655737705, 'f1-score': 0.3536067892503536, 'support': 457}, 'weighted avg': {'precision': 0.4150473017842951, 'recall': 0.5470459518599562, 'f1-score': 0.47199155676743043, 'support': 457}}"
11,G06,"(19193, 55)","(457, 55)","{0.0: 13590, 1.0: 5603}","{0.0: 305, 1.0: 152}",feet,acc,"['avg', 'std', 'max', 'min', 'var', 'fi', 'pi', 'fp', 'lp']",RandomForest,2020-07-23 21:05:28.437033,2020-07-23 21:06:03.184986,0:00:34.747953,0.6673960612691466,0.0,0.5,"[[305   0]
 [152   0]]","{'0.0': {'precision': 0.6673960612691466, 'recall': 1.0, 'f1-score': 0.800524934383202, 'support': 305}, '1.0': {'precision': 0.0, 'recall': 0.0, 'f1-score': 0.0, 'support': 152}, 'accuracy': 0.6673960612691466, 'macro avg': {'precision': 0.3336980306345733, 'recall': 0.5, 'f1-score': 0.400262467191601, 'support': 457}, 'weighted avg': {'precision': 0.4454175025975705, 'recall': 0.6673960612691466, 'f1-score': 0.5342671881550911, 'support': 457}}"
12,G06,"(19193, 55)","(457, 55)","{0.0: 13590, 1.0: 5603}","{0.0: 305, 1.0: 152}",feet,acc,"['avg', 'std', 'max', 'min', 'var', 'fi', 'pi', 'fp', 'lp']",GaussianNaiveBayes,2020-07-23 21:06:03.185063,2020-07-23 21:06:03.223776,0:00:00.038713,0.6301969365426696,0.5985748218527316,0.6800474547023296,"[[162 143]
 [ 26 126]]","{'0.0': {'precision': 0.8617021276595744, 'recall': 0.5311475409836065, 'f1-score': 0.6572008113590263, 'support': 305}, '1.0': {'precision': 0.4684014869888476, 'recall': 0.8289473684210527, 'f1-score': 0.5985748218527316, 'support': 152}, 'accuracy': 0.6301969365426696, 'macro avg': {'precision': 0.665051807324211, 'recall': 0.6800474547023296, 'f1-score': 0.627887816605879, 'support': 457}, 'weighted avg': {'precision': 0.7308887854671227, 'recall': 0.6301969365426696, 'f1-score': 0.637701576337239, 'support': 457}}"
13,G06,"(19193, 55)","(457, 55)","{0.0: 13590, 1.0: 5603}","{0.0: 305, 1.0: 152}",feet,acc,"['avg', 'std', 'max', 'min', 'var', 'fi', 'pi', 'fp', 'lp']",K-NearestNeighbors,2020-07-23 21:06:03.223855,2020-07-23 21:06:03.663717,0:00:00.439862,0.737417943107221,0.3877551020408163,0.6151639344262295,"[[299   6]
 [114  38]]","{'0.0': {'precision': 0.7239709443099274, 'recall': 0.980327868852459, 'f1-score': 0.8328690807799443, 'support': 305}, '1.0': {'precision': 0.8636363636363636, 'recall': 0.25, 'f1-score': 0.3877551020408163, 'support': 152}, 'accuracy': 0.737417943107221, 'macro avg': {'precision': 0.7938036539731455, 'recall': 0.6151639344262295, 'f1-score': 0.6103120914103803, 'support': 457}, 'weighted avg': {'precision': 0.7704242128823963, 'recall': 0.737417943107221, 'f1-score': 0.6848224182671491, 'support': 457}}"
14,G06,"(19193, 55)","(457, 55)","{0.0: 13590, 1.0: 5603}","{0.0: 305, 1.0: 152}",feet,acc,"['avg', 'std', 'max', 'min', 'var', 'fi', 'pi', 'fp', 'lp']",K-NearestNeighbors_DynamicTimeWrapping,2020-07-23 21:06:03.663796,2020-07-23 21:07:52.368694,0:01:48.704898,0.6849015317286652,0.2727272727272727,0.5576682484900777,"[[286  19]
 [125  27]]","{'0.0': {'precision': 0.6958637469586375, 'recall': 0.9377049180327869, 'f1-score': 0.7988826815642458, 'support': 305}, '1.0': {'precision': 0.5869565217391305, 'recall': 0.17763157894736842, 'f1-score': 0.2727272727272727, 'support': 152}, 'accuracy': 0.6849015317286652, 'macro avg': {'precision': 0.641410134348884, 'recall': 0.5576682484900777, 'f1-score': 0.5358049771457593, 'support': 457}, 'weighted avg': {'precision': 0.6596407748943813, 'recall': 0.6849015317286652, 'f1-score': 0.6238813202005261, 'support': 457}}"
15,G07,"(18855, 55)","(795, 55)","{0.0: 13762, 1.0: 5093}","{1.0: 662, 0.0: 133}",feet,acc,"['avg', 'std', 'max', 'min', 'var', 'fi', 'pi', 'fp', 'lp']",SupportVectorsMachine,2020-07-23 21:07:54.905927,2020-07-23 21:09:32.458476,0:01:37.552549,0.6553459119496855,0.7557932263814617,0.6849033459782388,"[[ 97  36]
 [238 424]]","{'0.0': {'precision': 0.28955223880597014, 'recall': 0.7293233082706767, 'f1-score': 0.4145299145299145, 'support': 133}, '1.0': {'precision': 0.9217391304347826, 'recall': 0.6404833836858006, 'f1-score': 0.7557932263814617, 'support': 662}, 'accuracy': 0.6553459119496855, 'macro avg': {'precision': 0.6056456846203764, 'recall': 0.6849033459782387, 'f1-score': 0.5851615704556881, 'support': 795}, 'weighted avg': {'precision': 0.8159770466780127, 'recall': 0.6553459119496855, 'f1-score': 0.6987013767257941, 'support': 795}}"
16,G07,"(18855, 55)","(795, 55)","{0.0: 13762, 1.0: 5093}","{1.0: 662, 0.0: 133}",feet,acc,"['avg', 'std', 'max', 'min', 'var', 'fi', 'pi', 'fp', 'lp']",RandomForest,2020-07-23 21:09:32.458552,2020-07-23 21:10:07.310841,0:00:34.852289,0.6251572327044025,0.71939736346516,0.7208504645299049,"[[115  18]
 [280 382]]","{'0.0': {'precision': 0.2911392405063291, 'recall': 0.8646616541353384, 'f1-score': 0.4356060606060606, 'support': 133}, '1.0': {'precision': 0.955, 'recall': 0.5770392749244713, 'f1-score': 0.71939736346516, 'support': 662}, 'accuracy': 0.6251572327044025, 'macro avg': {'precision': 0.6230696202531645, 'recall': 0.7208504645299048, 'f1-score': 0.5775017120356103, 'support': 795}, 'weighted avg': {'precision': 0.8439390175941406, 'recall': 0.6251572327044025, 'f1-score': 0.6719203278925058, 'support': 795}}"
17,G07,"(18855, 55)","(795, 55)","{0.0: 13762, 1.0: 5093}","{1.0: 662, 0.0: 133}",feet,acc,"['avg', 'std', 'max', 'min', 'var', 'fi', 'pi', 'fp', 'lp']",GaussianNaiveBayes,2020-07-23 21:10:07.310925,2020-07-23 21:10:07.354750,0:00:00.043825,0.8679245283018868,0.9240780911062908,0.6743577220998115,"[[ 51  82]
 [ 23 639]]","{'0.0': {'precision': 0.6891891891891891, 'recall': 0.38345864661654133, 'f1-score': 0.49275362318840576, 'support': 133}, '1.0': {'precision': 0.8862690707350902, 'recall': 0.9652567975830816, 'f1-score': 0.9240780911062908, 'support': 662}, 'accuracy': 0.8679245283018868, 'macro avg': {'precision': 0.7877291299621396, 'recall': 0.6743577220998115, 'f1-score': 0.7084158571473482, 'support': 795}, 'weighted avg': {'precision': 0.8532984741997383, 'recall': 0.8679245283018868, 'f1-score': 0.8519194065363804, 'support': 795}}"
18,G07,"(18855, 55)","(795, 55)","{0.0: 13762, 1.0: 5093}","{1.0: 662, 0.0: 133}",feet,acc,"['avg', 'std', 'max', 'min', 'var', 'fi', 'pi', 'fp', 'lp']",K-NearestNeighbors,2020-07-23 21:10:07.355014,2020-07-23 21:10:07.833796,0:00:00.478782,0.569811320754717,0.6653620352250489,0.6816096131567589,"[[113  20]
 [322 340]]","{'0.0': {'precision': 0.2597701149425287, 'recall': 0.849624060150376, 'f1-score': 0.397887323943662, 'support': 133}, '1.0': {'precision': 0.9444444444444444, 'recall': 0.513595166163142, 'f1-score': 0.6653620352250489, 'support': 662}, 'accuracy': 0.569811320754717, 'macro avg': {'precision': 0.6021072796934865, 'recall': 0.681609613156759, 'f1-score': 0.5316246795843554, 'support': 795}, 'weighted avg': {'precision': 0.8299014434082749, 'recall': 0.5698113207547171, 'f1-score': 0.6206146935892949, 'support': 795}}"
19,G07,"(18855, 55)","(795, 55)","{0.0: 13762, 1.0: 5093}","{1.0: 662, 0.0: 133}",feet,acc,"['avg', 'std', 'max', 'min', 'var', 'fi', 'pi', 'fp', 'lp']",K-NearestNeighbors_DynamicTimeWrapping,2020-07-23 21:10:07.833879,2020-07-23 21:13:09.155882,0:03:01.322003,0.4767295597484277,0.5648535564853556,0.6137019285373555,"[[109  24]
 [392 270]]","{'0.0': {'precision': 0.21756487025948104, 'recall': 0.8195488721804511, 'f1-score': 0.3438485804416404, 'support': 133}, '1.0': {'precision': 0.9183673469387755, 'recall': 0.4078549848942598, 'f1-score': 0.5648535564853556, 'support': 662}, 'accuracy': 0.4767295597484277, 'macro avg': {'precision': 0.5679661085991283, 'recall': 0.6137019285373555, 'f1-score': 0.45435106846349804, 'support': 795}, 'weighted avg': {'precision': 0.801126177884252, 'recall': 0.4767295597484277, 'f1-score': 0.527880396971124, 'support': 795}}"
20,G08,"(16730, 55)","(2920, 55)","{0.0: 13673, 1.0: 3057}","{1.0: 2698, 0.0: 222}",feet,acc,"['avg', 'std', 'max', 'min', 'var', 'fi', 'pi', 'fp', 'lp']",SupportVectorsMachine,2020-07-23 21:13:11.763624,2020-07-23 21:14:04.732465,0:00:52.968841,0.5133561643835617,0.6623901164172014,0.4948259972351893,"[[ 105  117]
 [1304 1394]]","{'0.0': {'precision': 0.0745209368346345, 'recall': 0.47297297297297297, 'f1-score': 0.12875536480686697, 'support': 222}, '1.0': {'precision': 0.9225678358702846, 'recall': 0.5166790214974055, 'f1-score': 0.6623901164172014, 'support': 2698}, 'accuracy': 0.5133561643835617, 'macro avg': {'precision': 0.4985443863524595, 'recall': 0.4948259972351893, 'f1-score': 0.3955727406120342, 'support': 2920}, 'weighted avg': {'precision': 0.8580930373819577, 'recall': 0.5133561643835617, 'f1-score': 0.6218192551646349, 'support': 2920}}"
21,G08,"(16730, 55)","(2920, 55)","{0.0: 13673, 1.0: 3057}","{1.0: 2698, 0.0: 222}",feet,acc,"['avg', 'std', 'max', 'min', 'var', 'fi', 'pi', 'fp', 'lp']",RandomForest,2020-07-23 21:14:04.732562,2020-07-23 21:14:33.895171,0:00:29.162609,0.07431506849315068,0.0,0.48873873873873874,"[[ 217    5]
 [2698    0]]","{'0.0': {'precision': 0.07444253859348199, 'recall': 0.9774774774774775, 'f1-score': 0.13834874083519288, 'support': 222}, '1.0': {'precision': 0.0, 'recall': 0.0, 'f1-score': 0.0, 'support': 2698}, 'accuracy': 0.07431506849315068, 'macro avg': {'precision': 0.037221269296740994, 'recall': 0.48873873873873874, 'f1-score': 0.06917437041759644, 'support': 2920}, 'weighted avg': {'precision': 0.005659672454709932, 'recall': 0.07431506849315068, 'f1-score': 0.010518294679935897, 'support': 2920}}"
22,G08,"(16730, 55)","(2920, 55)","{0.0: 13673, 1.0: 3057}","{1.0: 2698, 0.0: 222}",feet,acc,"['avg', 'std', 'max', 'min', 'var', 'fi', 'pi', 'fp', 'lp']",GaussianNaiveBayes,2020-07-23 21:14:33.895249,2020-07-23 21:14:33.948082,0:00:00.052833,0.9277397260273973,0.9623684679864455,0.5247747747747749,"[[  11  211]
 [   0 2698]]","{'0.0': {'precision': 1.0, 'recall': 0.04954954954954955, 'f1-score': 0.0944206008583691, 'support': 222}, '1.0': {'precision': 0.927466483327604, 'recall': 1.0, 'f1-score': 0.9623684679864455, 'support': 2698}, 'accuracy': 0.9277397260273973, 'macro avg': {'precision': 0.963733241663802, 'recall': 0.5247747747747747, 'f1-score': 0.5283945344224072, 'support': 2920}, 'weighted avg': {'precision': 0.932981017814341, 'recall': 0.9277397260273973, 'f1-score': 0.8963806506910919, 'support': 2920}}"
23,G08,"(16730, 55)","(2920, 55)","{0.0: 13673, 1.0: 3057}","{1.0: 2698, 0.0: 222}",feet,acc,"['avg', 'std', 'max', 'min', 'var', 'fi', 'pi', 'fp', 'lp']",K-NearestNeighbors,2020-07-23 21:14:33.948160,2020-07-23 21:14:34.850876,0:00:00.902716,0.2743150684931507,0.3740029542097489,0.49568749624346364,"[[ 168   54]
 [2065  633]]","{'0.0': {'precision': 0.07523510971786834, 'recall': 0.7567567567567568, 'f1-score': 0.13686354378818738, 'support': 222}, '1.0': {'precision': 0.9213973799126638, 'recall': 0.2346182357301705, 'f1-score': 0.3740029542097489, 'support': 2698}, 'accuracy': 0.2743150684931507, 'macro avg': {'precision': 0.49831624481526604, 'recall': 0.49568749624346364, 'f1-score': 0.25543324899896813, 'support': 2920}, 'weighted avg': {'precision': 0.8570658648499089, 'recall': 0.2743150684931507, 'f1-score': 0.35597386204756165, 'support': 2920}}"
24,G08,"(16730, 55)","(2920, 55)","{0.0: 13673, 1.0: 3057}","{1.0: 2698, 0.0: 222}",feet,acc,"['avg', 'std', 'max', 'min', 'var', 'fi', 'pi', 'fp', 'lp']",K-NearestNeighbors_DynamicTimeWrapping,2020-07-23 21:14:34.850954,2020-07-23 21:22:47.958339,0:08:13.107385,0.25445205479452054,0.3452631578947369,0.4870057232918612,"[[ 169   53]
 [2124  574]]","{'0.0': {'precision': 0.0737025730484082, 'recall': 0.7612612612612613, 'f1-score': 0.13439363817097416, 'support': 222}, '1.0': {'precision': 0.9154704944178629, 'recall': 0.2127501853224611, 'f1-score': 0.3452631578947369, 'support': 2698}, 'accuracy': 0.25445205479452054, 'macro avg': {'precision': 0.49458653373313555, 'recall': 0.4870057232918612, 'f1-score': 0.23982839803285552, 'support': 2920}, 'weighted avg': {'precision': 0.8514730702589522, 'recall': 0.25445205479452054, 'f1-score': 0.32923129714861515, 'support': 2920}}"
25,G09,"(19058, 55)","(592, 55)","{0.0: 13303, 1.0: 5755}",{0.0: 592},feet,acc,"['avg', 'std', 'max', 'min', 'var', 'fi', 'pi', 'fp', 'lp']",SupportVectorsMachine,2020-07-23 21:22:50.766110,2020-07-23 21:24:40.149070,0:01:49.382960,0.7905405405405406,0.0,0,"[[468 124]
 [  0   0]]","{'0.0': {'precision': 1.0, 'recall': 0.7905405405405406, 'f1-score': 0.8830188679245283, 'support': 592}, '1.0': {'precision': 0.0, 'recall': 0.0, 'f1-score': 0.0, 'support': 0}, 'accuracy': 0.7905405405405406, 'macro avg': {'precision': 0.5, 'recall': 0.3952702702702703, 'f1-score': 0.44150943396226416, 'support': 592}, 'weighted avg': {'precision': 1.0, 'recall': 0.7905405405405406, 'f1-score': 0.8830188679245283, 'support': 592}}"
26,G09,"(19058, 55)","(592, 55)","{0.0: 13303, 1.0: 5755}",{0.0: 592},feet,acc,"['avg', 'std', 'max', 'min', 'var', 'fi', 'pi', 'fp', 'lp']",RandomForest,2020-07-23 21:24:40.149149,2020-07-23 21:25:15.501209,0:00:35.352060,0.9966216216216216,0.0,0,"[[590   2]
 [  0   0]]","{'0.0': {'precision': 1.0, 'recall': 0.9966216216216216, 'f1-score': 0.9983079526226735, 'support': 592}, '1.0': {'precision': 0.0, 'recall': 0.0, 'f1-score': 0.0, 'support': 0}, 'accuracy': 0.9966216216216216, 'macro avg': {'precision': 0.5, 'recall': 0.4983108108108108, 'f1-score': 0.49915397631133673, 'support': 592}, 'weighted avg': {'precision': 1.0, 'recall': 0.9966216216216216, 'f1-score': 0.9983079526226735, 'support': 592}}"
27,G09,"(19058, 55)","(592, 55)","{0.0: 13303, 1.0: 5755}",{0.0: 592},feet,acc,"['avg', 'std', 'max', 'min', 'var', 'fi', 'pi', 'fp', 'lp']",GaussianNaiveBayes,2020-07-23 21:25:15.501307,2020-07-23 21:25:15.540088,0:00:00.038781,0.38513513513513514,0.0,0,"[[228 364]
 [  0   0]]","{'0.0': {'precision': 1.0, 'recall': 0.38513513513513514, 'f1-score': 0.5560975609756098, 'support': 592}, '1.0': {'precision': 0.0, 'recall': 0.0, 'f1-score': 0.0, 'support': 0}, 'accuracy': 0.38513513513513514, 'macro avg': {'precision': 0.5, 'recall': 0.19256756756756757, 'f1-score': 0.2780487804878049, 'support': 592}, 'weighted avg': {'precision': 1.0, 'recall': 0.38513513513513514, 'f1-score': 0.5560975609756098, 'support': 592}}"
28,G09,"(19058, 55)","(592, 55)","{0.0: 13303, 1.0: 5755}",{0.0: 592},feet,acc,"['avg', 'std', 'max', 'min', 'var', 'fi', 'pi', 'fp', 'lp']",K-NearestNeighbors,2020-07-23 21:25:15.540304,2020-07-23 21:25:16.025498,0:00:00.485194,0.9391891891891891,0.0,0,"[[556  36]
 [  0   0]]","{'0.0': {'precision': 1.0, 'recall': 0.9391891891891891, 'f1-score': 0.9686411149825784, 'support': 592}, '1.0': {'precision': 0.0, 'recall': 0.0, 'f1-score': 0.0, 'support': 0}, 'accuracy': 0.9391891891891891, 'macro avg': {'precision': 0.5, 'recall': 0.46959459459459457, 'f1-score': 0.4843205574912892, 'support': 592}, 'weighted avg': {'precision': 1.0, 'recall': 0.9391891891891891, 'f1-score': 0.9686411149825784, 'support': 592}}"
29,G09,"(19058, 55)","(592, 55)","{0.0: 13303, 1.0: 5755}",{0.0: 592},feet,acc,"['avg', 'std', 'max', 'min', 'var', 'fi', 'pi', 'fp', 'lp']",K-NearestNeighbors_DynamicTimeWrapping,2020-07-23 21:25:16.025575,2020-07-23 21:27:25.874596,0:02:09.849021,0.9239864864864865,0.0,0,"[[547  45]
 [  0   0]]","{'0.0': {'precision': 1.0, 'recall': 0.9239864864864865, 'f1-score': 0.9604916593503073, 'support': 592}, '1.0': {'precision': 0.0, 'recall': 0.0, 'f1-score': 0.0, 'support': 0}, 'accuracy': 0.9239864864864865, 'macro avg': {'precision': 0.5, 'recall': 0.46199324324324326, 'f1-score': 0.48024582967515367, 'support': 592}, 'weighted avg': {'precision': 1.0, 'recall': 0.9239864864864865, 'f1-score': 0.9604916593503073, 'support': 592}}"
30,G11,"(19274, 55)","(376, 55)","{0.0: 13590, 1.0: 5684}","{0.0: 305, 1.0: 71}",feet,acc,"['avg', 'std', 'max', 'min', 'var', 'fi', 'pi', 'fp', 'lp']",SupportVectorsMachine,2020-07-23 21:27:28.436014,2020-07-23 21:29:15.462527,0:01:47.026513,0.6728723404255319,0.0,0.41475409836065574,"[[253  52]
 [ 71   0]]","{'0.0': {'precision': 0.7808641975308642, 'recall': 0.8295081967213115, 'f1-score': 0.8044515103338633, 'support': 305}, '1.0': {'precision': 0.0, 'recall': 0.0, 'f1-score': 0.0, 'support': 71}, 'accuracy': 0.6728723404255319, 'macro avg': {'precision': 0.3904320987654321, 'recall': 0.41475409836065574, 'f1-score': 0.40222575516693165, 'support': 376}, 'weighted avg': {'precision': 0.6334137772524298, 'recall': 0.6728723404255319, 'f1-score': 0.6525471027974157, 'support': 376}}"
31,G11,"(19274, 55)","(376, 55)","{0.0: 13590, 1.0: 5684}","{0.0: 305, 1.0: 71}",feet,acc,"['avg', 'std', 'max', 'min', 'var', 'fi', 'pi', 'fp', 'lp']",RandomForest,2020-07-23 21:29:15.462608,2020-07-23 21:29:50.590023,0:00:35.127415,0.9787234042553191,0.9428571428571428,0.959870699607481,"[[302   3]
 [  5  66]]","{'0.0': {'precision': 0.9837133550488599, 'recall': 0.9901639344262295, 'f1-score': 0.9869281045751633, 'support': 305}, '1.0': {'precision': 0.9565217391304348, 'recall': 0.9295774647887324, 'f1-score': 0.9428571428571428, 'support': 71}, 'accuracy': 0.9787234042553191, 'macro avg': {'precision': 0.9701175470896474, 'recall': 0.959870699607481, 'f1-score': 0.964892623716153, 'support': 376}, 'weighted avg': {'precision': 0.978578768000434, 'recall': 0.9787234042553191, 'f1-score': 0.9786061942507499, 'support': 376}}"
32,G11,"(19274, 55)","(376, 55)","{0.0: 13590, 1.0: 5684}","{0.0: 305, 1.0: 71}",feet,acc,"['avg', 'std', 'max', 'min', 'var', 'fi', 'pi', 'fp', 'lp']",GaussianNaiveBayes,2020-07-23 21:29:50.590122,2020-07-23 21:29:50.627629,0:00:00.037507,0.6595744680851063,0.2289156626506024,0.5092126529669823,"[[229  76]
 [ 52  19]]","{'0.0': {'precision': 0.8149466192170819, 'recall': 0.7508196721311475, 'f1-score': 0.7815699658703071, 'support': 305}, '1.0': {'precision': 0.2, 'recall': 0.2676056338028169, 'f1-score': 0.2289156626506024, 'support': 71}, 'accuracy': 0.6595744680851063, 'macro avg': {'precision': 0.507473309608541, 'recall': 0.5092126529669823, 'f1-score': 0.5052428142604548, 'support': 376}, 'weighted avg': {'precision': 0.6988263799500265, 'recall': 0.6595744680851063, 'f1-score': 0.6772123713793523, 'support': 376}}"
33,G11,"(19274, 55)","(376, 55)","{0.0: 13590, 1.0: 5684}","{0.0: 305, 1.0: 71}",feet,acc,"['avg', 'std', 'max', 'min', 'var', 'fi', 'pi', 'fp', 'lp']",K-NearestNeighbors,2020-07-23 21:29:50.627707,2020-07-23 21:29:50.898035,0:00:00.270328,0.8377659574468085,0.47863247863247865,0.6676749018702377,"[[287  18]
 [ 43  28]]","{'0.0': {'precision': 0.8696969696969697, 'recall': 0.940983606557377, 'f1-score': 0.9039370078740158, 'support': 305}, '1.0': {'precision': 0.6086956521739131, 'recall': 0.39436619718309857, 'f1-score': 0.47863247863247865, 'support': 71}, 'accuracy': 0.8377659574468085, 'macro avg': {'precision': 0.7391963109354414, 'recall': 0.6676749018702378, 'f1-score': 0.6912847432532472, 'support': 376}, 'weighted avg': {'precision': 0.8204121464412861, 'recall': 0.8377659574468085, 'f1-score': 0.8236268441076617, 'support': 376}}"
34,G11,"(19274, 55)","(376, 55)","{0.0: 13590, 1.0: 5684}","{0.0: 305, 1.0: 71}",feet,acc,"['avg', 'std', 'max', 'min', 'var', 'fi', 'pi', 'fp', 'lp']",K-NearestNeighbors_DynamicTimeWrapping,2020-07-23 21:29:50.898117,2020-07-23 21:30:54.027375,0:01:03.129258,0.8776595744680851,0.661764705882353,0.7841145232048027,"[[285  20]
 [ 26  45]]","{'0.0': {'precision': 0.9163987138263665, 'recall': 0.9344262295081968, 'f1-score': 0.9253246753246753, 'support': 305}, '1.0': {'precision': 0.6923076923076923, 'recall': 0.6338028169014085, 'f1-score': 0.661764705882353, 'support': 71}, 'accuracy': 0.8776595744680851, 'macro avg': {'precision': 0.8043532030670294, 'recall': 0.7841145232048026, 'f1-score': 0.7935446906035142, 'support': 376}, 'weighted avg': {'precision': 0.874083653911936, 'recall': 0.8776595744680851, 'f1-score': 0.8755567023714708, 'support': 376}}"
35,P231,"(18900, 55)","(750, 55)","{0.0: 13145, 1.0: 5755}",{0.0: 750},feet,acc,"['avg', 'std', 'max', 'min', 'var', 'fi', 'pi', 'fp', 'lp']",SupportVectorsMachine,2020-07-23 21:30:56.488562,2020-07-23 21:32:41.375897,0:01:44.887335,0.872,0.0,0,"[[654  96]
 [  0   0]]","{'0.0': {'precision': 1.0, 'recall': 0.872, 'f1-score': 0.9316239316239316, 'support': 750}, '1.0': {'precision': 0.0, 'recall': 0.0, 'f1-score': 0.0, 'support': 0}, 'accuracy': 0.872, 'macro avg': {'precision': 0.5, 'recall': 0.436, 'f1-score': 0.4658119658119658, 'support': 750}, 'weighted avg': {'precision': 1.0, 'recall': 0.872, 'f1-score': 0.9316239316239316, 'support': 750}}"
36,P231,"(18900, 55)","(750, 55)","{0.0: 13145, 1.0: 5755}",{0.0: 750},feet,acc,"['avg', 'std', 'max', 'min', 'var', 'fi', 'pi', 'fp', 'lp']",RandomForest,2020-07-23 21:32:41.375975,2020-07-23 21:33:15.912720,0:00:34.536745,0.9893333333333333,0.0,0,"[[742   8]
 [  0   0]]","{'0.0': {'precision': 1.0, 'recall': 0.9893333333333333, 'f1-score': 0.9946380697050938, 'support': 750}, '1.0': {'precision': 0.0, 'recall': 0.0, 'f1-score': 0.0, 'support': 0}, 'accuracy': 0.9893333333333333, 'macro avg': {'precision': 0.5, 'recall': 0.49466666666666664, 'f1-score': 0.4973190348525469, 'support': 750}, 'weighted avg': {'precision': 1.0, 'recall': 0.9893333333333333, 'f1-score': 0.9946380697050939, 'support': 750}}"
37,P231,"(18900, 55)","(750, 55)","{0.0: 13145, 1.0: 5755}",{0.0: 750},feet,acc,"['avg', 'std', 'max', 'min', 'var', 'fi', 'pi', 'fp', 'lp']",GaussianNaiveBayes,2020-07-23 21:33:15.912797,2020-07-23 21:33:15.952256,0:00:00.039459,0.7146666666666667,0.0,0,"[[536 214]
 [  0   0]]","{'0.0': {'precision': 1.0, 'recall': 0.7146666666666667, 'f1-score': 0.833592534992224, 'support': 750}, '1.0': {'precision': 0.0, 'recall': 0.0, 'f1-score': 0.0, 'support': 0}, 'accuracy': 0.7146666666666667, 'macro avg': {'precision': 0.5, 'recall': 0.35733333333333334, 'f1-score': 0.416796267496112, 'support': 750}, 'weighted avg': {'precision': 1.0, 'recall': 0.7146666666666667, 'f1-score': 0.8335925349922239, 'support': 750}}"
38,P231,"(18900, 55)","(750, 55)","{0.0: 13145, 1.0: 5755}",{0.0: 750},feet,acc,"['avg', 'std', 'max', 'min', 'var', 'fi', 'pi', 'fp', 'lp']",K-NearestNeighbors,2020-07-23 21:33:15.952336,2020-07-23 21:33:16.437232,0:00:00.484896,0.92,0.0,0,"[[690  60]
 [  0   0]]","{'0.0': {'precision': 1.0, 'recall': 0.92, 'f1-score': 0.9583333333333334, 'support': 750}, '1.0': {'precision': 0.0, 'recall': 0.0, 'f1-score': 0.0, 'support': 0}, 'accuracy': 0.92, 'macro avg': {'precision': 0.5, 'recall': 0.46, 'f1-score': 0.4791666666666667, 'support': 750}, 'weighted avg': {'precision': 1.0, 'recall': 0.92, 'f1-score': 0.9583333333333334, 'support': 750}}"
39,P231,"(18900, 55)","(750, 55)","{0.0: 13145, 1.0: 5755}",{0.0: 750},feet,acc,"['avg', 'std', 'max', 'min', 'var', 'fi', 'pi', 'fp', 'lp']",K-NearestNeighbors_DynamicTimeWrapping,2020-07-23 21:33:16.437310,2020-07-23 21:35:32.203493,0:02:15.766183,0.9306666666666666,0.0,0,"[[698  52]
 [  0   0]]","{'0.0': {'precision': 1.0, 'recall': 0.9306666666666666, 'f1-score': 0.9640883977900552, 'support': 750}, '1.0': {'precision': 0.0, 'recall': 0.0, 'f1-score': 0.0, 'support': 0}, 'accuracy': 0.9306666666666666, 'macro avg': {'precision': 0.5, 'recall': 0.4653333333333333, 'f1-score': 0.4820441988950276, 'support': 750}, 'weighted avg': {'precision': 1.0, 'recall': 0.9306666666666666, 'f1-score': 0.9640883977900552, 'support': 750}}"
40,P351,"(16859, 55)","(2791, 55)","{0.0: 11104, 1.0: 5755}",{0.0: 2791},feet,acc,"['avg', 'std', 'max', 'min', 'var', 'fi', 'pi', 'fp', 'lp']",SupportVectorsMachine,2020-07-23 21:35:34.801381,2020-07-23 21:37:05.117859,0:01:30.316478,0.7649587961304192,0.0,0,"[[2135  656]
 [   0    0]]","{'0.0': {'precision': 1.0, 'recall': 0.7649587961304192, 'f1-score': 0.8668290702395453, 'support': 2791}, '1.0': {'precision': 0.0, 'recall': 0.0, 'f1-score': 0.0, 'support': 0}, 'accuracy': 0.7649587961304192, 'macro avg': {'precision': 0.5, 'recall': 0.3824793980652096, 'f1-score': 0.4334145351197726, 'support': 2791}, 'weighted avg': {'precision': 1.0, 'recall': 0.7649587961304192, 'f1-score': 0.8668290702395453, 'support': 2791}}"
41,P351,"(16859, 55)","(2791, 55)","{0.0: 11104, 1.0: 5755}",{0.0: 2791},feet,acc,"['avg', 'std', 'max', 'min', 'var', 'fi', 'pi', 'fp', 'lp']",RandomForest,2020-07-23 21:37:05.117938,2020-07-23 21:37:35.579150,0:00:30.461212,0.9974919383733429,0.0,0,"[[2784    7]
 [   0    0]]","{'0.0': {'precision': 1.0, 'recall': 0.9974919383733429, 'f1-score': 0.9987443946188341, 'support': 2791}, '1.0': {'precision': 0.0, 'recall': 0.0, 'f1-score': 0.0, 'support': 0}, 'accuracy': 0.9974919383733429, 'macro avg': {'precision': 0.5, 'recall': 0.49874596918667147, 'f1-score': 0.49937219730941707, 'support': 2791}, 'weighted avg': {'precision': 1.0, 'recall': 0.9974919383733429, 'f1-score': 0.9987443946188341, 'support': 2791}}"
42,P351,"(16859, 55)","(2791, 55)","{0.0: 11104, 1.0: 5755}",{0.0: 2791},feet,acc,"['avg', 'std', 'max', 'min', 'var', 'fi', 'pi', 'fp', 'lp']",GaussianNaiveBayes,2020-07-23 21:37:35.579229,2020-07-23 21:37:35.630588,0:00:00.051359,0.4955213185238266,0.0,0,"[[1383 1408]
 [   0    0]]","{'0.0': {'precision': 1.0, 'recall': 0.4955213185238266, 'f1-score': 0.6626736942980355, 'support': 2791}, '1.0': {'precision': 0.0, 'recall': 0.0, 'f1-score': 0.0, 'support': 0}, 'accuracy': 0.4955213185238266, 'macro avg': {'precision': 0.5, 'recall': 0.2477606592619133, 'f1-score': 0.33133684714901773, 'support': 2791}, 'weighted avg': {'precision': 1.0, 'recall': 0.4955213185238266, 'f1-score': 0.6626736942980355, 'support': 2791}}"
43,P351,"(16859, 55)","(2791, 55)","{0.0: 11104, 1.0: 5755}",{0.0: 2791},feet,acc,"['avg', 'std', 'max', 'min', 'var', 'fi', 'pi', 'fp', 'lp']",K-NearestNeighbors,2020-07-23 21:37:35.630666,2020-07-23 21:37:37.182275,0:00:01.551609,0.9254747402364744,0.0,0,"[[2583  208]
 [   0    0]]","{'0.0': {'precision': 1.0, 'recall': 0.9254747402364744, 'f1-score': 0.9612951246743581, 'support': 2791}, '1.0': {'precision': 0.0, 'recall': 0.0, 'f1-score': 0.0, 'support': 0}, 'accuracy': 0.9254747402364744, 'macro avg': {'precision': 0.5, 'recall': 0.4627373701182372, 'f1-score': 0.48064756233717904, 'support': 2791}, 'weighted avg': {'precision': 1.0, 'recall': 0.9254747402364744, 'f1-score': 0.9612951246743581, 'support': 2791}}"
44,P351,"(16859, 55)","(2791, 55)","{0.0: 11104, 1.0: 5755}",{0.0: 2791},feet,acc,"['avg', 'std', 'max', 'min', 'var', 'fi', 'pi', 'fp', 'lp']",K-NearestNeighbors_DynamicTimeWrapping,2020-07-23 21:37:37.182353,2020-07-23 21:45:42.475060,0:08:05.292707,0.901110713006091,0.0,0,"[[2515  276]
 [   0    0]]","{'0.0': {'precision': 1.0, 'recall': 0.901110713006091, 'f1-score': 0.9479834150018847, 'support': 2791}, '1.0': {'precision': 0.0, 'recall': 0.0, 'f1-score': 0.0, 'support': 0}, 'accuracy': 0.901110713006091, 'macro avg': {'precision': 0.5, 'recall': 0.4505553565030455, 'f1-score': 0.4739917075009423, 'support': 2791}, 'weighted avg': {'precision': 1.0, 'recall': 0.901110713006091, 'f1-score': 0.9479834150018847, 'support': 2791}}"
45,P379,"(18612, 55)","(1038, 55)","{0.0: 13180, 1.0: 5432}","{0.0: 715, 1.0: 323}",feet,acc,"['avg', 'std', 'max', 'min', 'var', 'fi', 'pi', 'fp', 'lp']",SupportVectorsMachine,2020-07-23 21:45:45.059492,2020-07-23 21:47:26.268975,0:01:41.209483,0.5992292870905588,0.009523809523809525,0.4366624087986317,"[[620  95]
 [321   2]]","{'0.0': {'precision': 0.6588735387885228, 'recall': 0.8671328671328671, 'f1-score': 0.7487922705314008, 'support': 715}, '1.0': {'precision': 0.020618556701030927, 'recall': 0.006191950464396285, 'f1-score': 0.009523809523809525, 'support': 323}, 'accuracy': 0.5992292870905588, 'macro avg': {'precision': 0.3397460477447769, 'recall': 0.43666240879863166, 'f1-score': 0.37915804002760517, 'support': 1038}, 'weighted avg': {'precision': 0.46026432952623003, 'recall': 0.5992292870905588, 'f1-score': 0.5187501579057245, 'support': 1038}}"
46,P379,"(18612, 55)","(1038, 55)","{0.0: 13180, 1.0: 5432}","{0.0: 715, 1.0: 323}",feet,acc,"['avg', 'std', 'max', 'min', 'var', 'fi', 'pi', 'fp', 'lp']",RandomForest,2020-07-23 21:47:26.269055,2020-07-23 21:47:58.222210,0:00:31.953155,0.8333333333333334,0.6519114688128773,0.7423823854164411,"[[703  12]
 [161 162]]","{'0.0': {'precision': 0.8136574074074074, 'recall': 0.9832167832167832, 'f1-score': 0.890436985433819, 'support': 715}, '1.0': {'precision': 0.9310344827586207, 'recall': 0.5015479876160991, 'f1-score': 0.6519114688128773, 'support': 323}, 'accuracy': 0.8333333333333334, 'macro avg': {'precision': 0.872345945083014, 'recall': 0.7423823854164411, 'f1-score': 0.7711742271233482, 'support': 1038}, 'weighted avg': {'precision': 0.850182258407833, 'recall': 0.8333333333333334, 'f1-score': 0.8162137273716185, 'support': 1038}}"
47,P379,"(18612, 55)","(1038, 55)","{0.0: 13180, 1.0: 5432}","{0.0: 715, 1.0: 323}",feet,acc,"['avg', 'std', 'max', 'min', 'var', 'fi', 'pi', 'fp', 'lp']",GaussianNaiveBayes,2020-07-23 21:47:58.222287,2020-07-23 21:47:58.262097,0:00:00.039810,0.5809248554913294,0.221824686940966,0.4742969105198207,"[[541 174]
 [261  62]]","{'0.0': {'precision': 0.6745635910224439, 'recall': 0.7566433566433567, 'f1-score': 0.7132498352010548, 'support': 715}, '1.0': {'precision': 0.2627118644067797, 'recall': 0.19195046439628483, 'f1-score': 0.221824686940966, 'support': 323}, 'accuracy': 0.5809248554913294, 'macro avg': {'precision': 0.46863772771461176, 'recall': 0.47429691051982076, 'f1-score': 0.4675372610710104, 'support': 1038}, 'weighted avg': {'precision': 0.5464054911218085, 'recall': 0.5809248554913294, 'f1-score': 0.5603304489891003, 'support': 1038}}"
48,P379,"(18612, 55)","(1038, 55)","{0.0: 13180, 1.0: 5432}","{0.0: 715, 1.0: 323}",feet,acc,"['avg', 'std', 'max', 'min', 'var', 'fi', 'pi', 'fp', 'lp']",K-NearestNeighbors,2020-07-23 21:47:58.262173,2020-07-23 21:47:58.897618,0:00:00.635445,0.7321772639691715,0.46332046332046334,0.6333109614843361,"[[640  75]
 [203 120]]","{'0.0': {'precision': 0.7591933570581257, 'recall': 0.8951048951048951, 'f1-score': 0.821566110397946, 'support': 715}, '1.0': {'precision': 0.6153846153846154, 'recall': 0.3715170278637771, 'f1-score': 0.46332046332046334, 'support': 323}, 'accuracy': 0.7321772639691715, 'macro avg': {'precision': 0.6872889862213706, 'recall': 0.6333109614843361, 'f1-score': 0.6424432868592047, 'support': 1038}, 'weighted avg': {'precision': 0.7144436233774477, 'recall': 0.7321772639691715, 'f1-score': 0.7100889003728719, 'support': 1038}}"
49,P379,"(18612, 55)","(1038, 55)","{0.0: 13180, 1.0: 5432}","{0.0: 715, 1.0: 323}",feet,acc,"['avg', 'std', 'max', 'min', 'var', 'fi', 'pi', 'fp', 'lp']",K-NearestNeighbors_DynamicTimeWrapping,2020-07-23 21:47:58.897696,2020-07-23 21:50:37.732142,0:02:38.834446,0.7215799614643545,0.42772277227722766,0.6154344107904479,"[[641  74]
 [215 108]]","{'0.0': {'precision': 0.7488317757009346, 'recall': 0.8965034965034965, 'f1-score': 0.8160407383831954, 'support': 715}, '1.0': {'precision': 0.5934065934065934, 'recall': 0.33436532507739936, 'f1-score': 0.42772277227722766, 'support': 323}, 'accuracy': 0.7215799614643545, 'macro avg': {'precision': 0.6711191845537641, 'recall': 0.6154344107904479, 'f1-score': 0.6218817553302115, 'support': 1038}, 'weighted avg': {'precision': 0.700467292193158, 'recall': 0.7215799614643545, 'f1-score': 0.6952057643444404, 'support': 1038}}"
50,P551,"(18747, 55)","(903, 55)","{0.0: 13760, 1.0: 4987}","{1.0: 768, 0.0: 135}",feet,acc,"['avg', 'std', 'max', 'min', 'var', 'fi', 'pi', 'fp', 'lp']",SupportVectorsMachine,2020-07-23 21:50:40.277516,2020-07-23 21:52:11.248192,0:01:30.970676,0.3333333333333333,0.3894523326572008,0.5287037037037036,"[[109  26]
 [576 192]]","{'0.0': {'precision': 0.1591240875912409, 'recall': 0.8074074074074075, 'f1-score': 0.2658536585365854, 'support': 135}, '1.0': {'precision': 0.8807339449541285, 'recall': 0.25, 'f1-score': 0.3894523326572008, 'support': 768}, 'accuracy': 0.3333333333333333, 'macro avg': {'precision': 0.5199290162726847, 'recall': 0.5287037037037037, 'f1-score': 0.3276529955968931, 'support': 903}, 'weighted avg': {'precision': 0.772852072590906, 'recall': 0.3333333333333333, 'f1-score': 0.3709741255627566, 'support': 903}}"
51,P551,"(18747, 55)","(903, 55)","{0.0: 13760, 1.0: 4987}","{1.0: 768, 0.0: 135}",feet,acc,"['avg', 'std', 'max', 'min', 'var', 'fi', 'pi', 'fp', 'lp']",RandomForest,2020-07-23 21:52:11.248275,2020-07-23 21:52:44.568587,0:00:33.320312,0.716500553709856,0.8078078078078079,0.7539641203703704,"[[109  26]
 [230 538]]","{'0.0': {'precision': 0.3215339233038348, 'recall': 0.8074074074074075, 'f1-score': 0.459915611814346, 'support': 135}, '1.0': {'precision': 0.9539007092198581, 'recall': 0.7005208333333334, 'f1-score': 0.8078078078078079, 'support': 768}, 'accuracy': 0.716500553709856, 'macro avg': {'precision': 0.6377173162618465, 'recall': 0.7539641203703704, 'f1-score': 0.6338617098110769, 'support': 903}, 'weighted avg': {'precision': 0.8593608242822467, 'recall': 0.716500553709856, 'f1-score': 0.7557973466127721, 'support': 903}}"
52,P551,"(18747, 55)","(903, 55)","{0.0: 13760, 1.0: 4987}","{1.0: 768, 0.0: 135}",feet,acc,"['avg', 'std', 'max', 'min', 'var', 'fi', 'pi', 'fp', 'lp']",GaussianNaiveBayes,2020-07-23 21:52:44.568664,2020-07-23 21:52:44.613393,0:00:00.044729,0.7286821705426356,0.8287910552061495,0.6268084490740741,"[[ 65  70]
 [175 593]]","{'0.0': {'precision': 0.2708333333333333, 'recall': 0.48148148148148145, 'f1-score': 0.3466666666666667, 'support': 135}, '1.0': {'precision': 0.8944193061840121, 'recall': 0.7721354166666666, 'f1-score': 0.8287910552061495, 'support': 768}, 'accuracy': 0.7286821705426356, 'macro avg': {'precision': 0.5826263197586727, 'recall': 0.6268084490740741, 'f1-score': 0.5877288609364081, 'support': 903}, 'weighted avg': {'precision': 0.801192167385738, 'recall': 0.7286821705426356, 'f1-score': 0.7567126582484194, 'support': 903}}"
53,P551,"(18747, 55)","(903, 55)","{0.0: 13760, 1.0: 4987}","{1.0: 768, 0.0: 135}",feet,acc,"['avg', 'std', 'max', 'min', 'var', 'fi', 'pi', 'fp', 'lp']",K-NearestNeighbors,2020-07-23 21:52:44.613469,2020-07-23 21:52:45.348837,0:00:00.735368,0.4839424141749723,0.5794223826714802,0.6386140046296296,"[[116  19]
 [447 321]]","{'0.0': {'precision': 0.20603907637655416, 'recall': 0.8592592592592593, 'f1-score': 0.332378223495702, 'support': 135}, '1.0': {'precision': 0.9441176470588235, 'recall': 0.41796875, 'f1-score': 0.5794223826714802, 'support': 768}, 'accuracy': 0.4839424141749723, 'macro avg': {'precision': 0.5750783617176889, 'recall': 0.6386140046296296, 'f1-score': 0.4559003030835911, 'support': 903}, 'weighted avg': {'precision': 0.8337736746976869, 'recall': 0.4839424141749723, 'f1-score': 0.542488870502344, 'support': 903}}"
54,P551,"(18747, 55)","(903, 55)","{0.0: 13760, 1.0: 4987}","{1.0: 768, 0.0: 135}",feet,acc,"['avg', 'std', 'max', 'min', 'var', 'fi', 'pi', 'fp', 'lp']",K-NearestNeighbors_DynamicTimeWrapping,2020-07-23 21:52:45.348917,2020-07-23 21:56:11.341300,0:03:25.992383,0.4374307862679956,0.5278810408921932,0.5960069444444444,"[[111  24]
 [484 284]]","{'0.0': {'precision': 0.1865546218487395, 'recall': 0.8222222222222222, 'f1-score': 0.3041095890410959, 'support': 135}, '1.0': {'precision': 0.922077922077922, 'recall': 0.3697916666666667, 'f1-score': 0.5278810408921932, 'support': 768}, 'accuracy': 0.4374307862679956, 'macro avg': {'precision': 0.5543162719633308, 'recall': 0.5960069444444445, 'f1-score': 0.41599531496664455, 'support': 903}, 'weighted avg': {'precision': 0.8121159668941571, 'recall': 0.4374307862679956, 'f1-score': 0.494426837127079, 'support': 903}}"
55,P623,"(19145, 55)","(505, 55)","{0.0: 13390, 1.0: 5755}",{0.0: 505},feet,acc,"['avg', 'std', 'max', 'min', 'var', 'fi', 'pi', 'fp', 'lp']",SupportVectorsMachine,2020-07-23 21:56:13.880425,2020-07-23 21:58:00.202353,0:01:46.321928,0.8871287128712871,0.0,0,"[[448  57]
 [  0   0]]","{'0.0': {'precision': 1.0, 'recall': 0.8871287128712871, 'f1-score': 0.9401888772298007, 'support': 505}, '1.0': {'precision': 0.0, 'recall': 0.0, 'f1-score': 0.0, 'support': 0}, 'accuracy': 0.8871287128712871, 'macro avg': {'precision': 0.5, 'recall': 0.44356435643564357, 'f1-score': 0.47009443861490036, 'support': 505}, 'weighted avg': {'precision': 1.0, 'recall': 0.8871287128712871, 'f1-score': 0.9401888772298007, 'support': 505}}"
56,P623,"(19145, 55)","(505, 55)","{0.0: 13390, 1.0: 5755}",{0.0: 505},feet,acc,"['avg', 'std', 'max', 'min', 'var', 'fi', 'pi', 'fp', 'lp']",RandomForest,2020-07-23 21:58:00.202431,2020-07-23 21:58:34.954818,0:00:34.752387,0.9722772277227723,0.0,0,"[[491  14]
 [  0   0]]","{'0.0': {'precision': 1.0, 'recall': 0.9722772277227723, 'f1-score': 0.9859437751004015, 'support': 505}, '1.0': {'precision': 0.0, 'recall': 0.0, 'f1-score': 0.0, 'support': 0}, 'accuracy': 0.9722772277227723, 'macro avg': {'precision': 0.5, 'recall': 0.4861386138613861, 'f1-score': 0.49297188755020077, 'support': 505}, 'weighted avg': {'precision': 1.0, 'recall': 0.9722772277227723, 'f1-score': 0.9859437751004015, 'support': 505}}"
57,P623,"(19145, 55)","(505, 55)","{0.0: 13390, 1.0: 5755}",{0.0: 505},feet,acc,"['avg', 'std', 'max', 'min', 'var', 'fi', 'pi', 'fp', 'lp']",GaussianNaiveBayes,2020-07-23 21:58:34.954894,2020-07-23 21:58:34.994449,0:00:00.039555,0.7267326732673267,0.0,0,"[[367 138]
 [  0   0]]","{'0.0': {'precision': 1.0, 'recall': 0.7267326732673267, 'f1-score': 0.841743119266055, 'support': 505}, '1.0': {'precision': 0.0, 'recall': 0.0, 'f1-score': 0.0, 'support': 0}, 'accuracy': 0.7267326732673267, 'macro avg': {'precision': 0.5, 'recall': 0.36336633663366336, 'f1-score': 0.4208715596330275, 'support': 505}, 'weighted avg': {'precision': 1.0, 'recall': 0.7267326732673267, 'f1-score': 0.841743119266055, 'support': 505}}"
58,P623,"(19145, 55)","(505, 55)","{0.0: 13390, 1.0: 5755}",{0.0: 505},feet,acc,"['avg', 'std', 'max', 'min', 'var', 'fi', 'pi', 'fp', 'lp']",K-NearestNeighbors,2020-07-23 21:58:34.994527,2020-07-23 21:58:35.345827,0:00:00.351300,0.7920792079207921,0.0,0,"[[400 105]
 [  0   0]]","{'0.0': {'precision': 1.0, 'recall': 0.7920792079207921, 'f1-score': 0.8839779005524863, 'support': 505}, '1.0': {'precision': 0.0, 'recall': 0.0, 'f1-score': 0.0, 'support': 0}, 'accuracy': 0.7920792079207921, 'macro avg': {'precision': 0.5, 'recall': 0.39603960396039606, 'f1-score': 0.44198895027624313, 'support': 505}, 'weighted avg': {'precision': 1.0, 'recall': 0.7920792079207921, 'f1-score': 0.8839779005524863, 'support': 505}}"
59,P623,"(19145, 55)","(505, 55)","{0.0: 13390, 1.0: 5755}",{0.0: 505},feet,acc,"['avg', 'std', 'max', 'min', 'var', 'fi', 'pi', 'fp', 'lp']",K-NearestNeighbors_DynamicTimeWrapping,2020-07-23 21:58:35.345904,2020-07-23 22:00:12.235846,0:01:36.889942,0.7980198019801981,0.0,0,"[[403 102]
 [  0   0]]","{'0.0': {'precision': 1.0, 'recall': 0.7980198019801981, 'f1-score': 0.8876651982378855, 'support': 505}, '1.0': {'precision': 0.0, 'recall': 0.0, 'f1-score': 0.0, 'support': 0}, 'accuracy': 0.7980198019801981, 'macro avg': {'precision': 0.5, 'recall': 0.39900990099009903, 'f1-score': 0.44383259911894274, 'support': 505}, 'weighted avg': {'precision': 1.0, 'recall': 0.7980198019801981, 'f1-score': 0.8876651982378855, 'support': 505}}"
60,P645,"(18855, 55)","(795, 55)","{0.0: 13100, 1.0: 5755}",{0.0: 795},feet,acc,"['avg', 'std', 'max', 'min', 'var', 'fi', 'pi', 'fp', 'lp']",SupportVectorsMachine,2020-07-23 22:00:14.745823,2020-07-23 22:02:00.040271,0:01:45.294448,0.820125786163522,0.0,0,"[[652 143]
 [  0   0]]","{'0.0': {'precision': 1.0, 'recall': 0.820125786163522, 'f1-score': 0.9011748445058743, 'support': 795}, '1.0': {'precision': 0.0, 'recall': 0.0, 'f1-score': 0.0, 'support': 0}, 'accuracy': 0.820125786163522, 'macro avg': {'precision': 0.5, 'recall': 0.410062893081761, 'f1-score': 0.45058742225293713, 'support': 795}, 'weighted avg': {'precision': 1.0, 'recall': 0.820125786163522, 'f1-score': 0.9011748445058742, 'support': 795}}"
61,P645,"(18855, 55)","(795, 55)","{0.0: 13100, 1.0: 5755}",{0.0: 795},feet,acc,"['avg', 'std', 'max', 'min', 'var', 'fi', 'pi', 'fp', 'lp']",RandomForest,2020-07-23 22:02:00.040348,2020-07-23 22:02:34.542563,0:00:34.502215,1.0,0.0,0,"[[795   0]
 [  0   0]]","{'0.0': {'precision': 1.0, 'recall': 1.0, 'f1-score': 1.0, 'support': 795}, 'accuracy': 1.0, 'macro avg': {'precision': 1.0, 'recall': 1.0, 'f1-score': 1.0, 'support': 795}, 'weighted avg': {'precision': 1.0, 'recall': 1.0, 'f1-score': 1.0, 'support': 795}}"
62,P645,"(18855, 55)","(795, 55)","{0.0: 13100, 1.0: 5755}",{0.0: 795},feet,acc,"['avg', 'std', 'max', 'min', 'var', 'fi', 'pi', 'fp', 'lp']",GaussianNaiveBayes,2020-07-23 22:02:34.542676,2020-07-23 22:02:34.581879,0:00:00.039203,0.5446540880503145,0.0,0,"[[433 362]
 [  0   0]]","{'0.0': {'precision': 1.0, 'recall': 0.5446540880503145, 'f1-score': 0.7052117263843648, 'support': 795}, '1.0': {'precision': 0.0, 'recall': 0.0, 'f1-score': 0.0, 'support': 0}, 'accuracy': 0.5446540880503145, 'macro avg': {'precision': 0.5, 'recall': 0.2723270440251572, 'f1-score': 0.3526058631921824, 'support': 795}, 'weighted avg': {'precision': 1.0, 'recall': 0.5446540880503145, 'f1-score': 0.7052117263843648, 'support': 795}}"
63,P645,"(18855, 55)","(795, 55)","{0.0: 13100, 1.0: 5755}",{0.0: 795},feet,acc,"['avg', 'std', 'max', 'min', 'var', 'fi', 'pi', 'fp', 'lp']",K-NearestNeighbors,2020-07-23 22:02:34.581956,2020-07-23 22:02:35.124187,0:00:00.542231,0.8603773584905661,0.0,0,"[[684 111]
 [  0   0]]","{'0.0': {'precision': 1.0, 'recall': 0.8603773584905661, 'f1-score': 0.9249492900608519, 'support': 795}, '1.0': {'precision': 0.0, 'recall': 0.0, 'f1-score': 0.0, 'support': 0}, 'accuracy': 0.8603773584905661, 'macro avg': {'precision': 0.5, 'recall': 0.43018867924528303, 'f1-score': 0.46247464503042596, 'support': 795}, 'weighted avg': {'precision': 1.0, 'recall': 0.8603773584905661, 'f1-score': 0.9249492900608519, 'support': 795}}"
64,P645,"(18855, 55)","(795, 55)","{0.0: 13100, 1.0: 5755}",{0.0: 795},feet,acc,"['avg', 'std', 'max', 'min', 'var', 'fi', 'pi', 'fp', 'lp']",K-NearestNeighbors_DynamicTimeWrapping,2020-07-23 22:02:35.124264,2020-07-23 22:05:33.520225,0:02:58.395961,0.9031446540880503,0.0,0,"[[718  77]
 [  0   0]]","{'0.0': {'precision': 1.0, 'recall': 0.9031446540880503, 'f1-score': 0.9491077329808328, 'support': 795}, '1.0': {'precision': 0.0, 'recall': 0.0, 'f1-score': 0.0, 'support': 0}, 'accuracy': 0.9031446540880503, 'macro avg': {'precision': 0.5, 'recall': 0.45157232704402517, 'f1-score': 0.4745538664904164, 'support': 795}, 'weighted avg': {'precision': 1.0, 'recall': 0.9031446540880503, 'f1-score': 0.9491077329808328, 'support': 795}}"
65,P812,"(16083, 55)","(3567, 55)","{0.0: 10890, 1.0: 5193}","{0.0: 3005, 1.0: 562}",feet,acc,"['avg', 'std', 'max', 'min', 'var', 'fi', 'pi', 'fp', 'lp']",SupportVectorsMachine,2020-07-23 22:05:36.098869,2020-07-23 22:06:52.958410,0:01:16.859541,0.6663863190356042,0.10256410256410256,0.444691232287824,"[[2309  696]
 [ 494   68]]","{'0.0': {'precision': 0.8237602568676418, 'recall': 0.7683860232945091, 'f1-score': 0.7951101928374655, 'support': 3005}, '1.0': {'precision': 0.08900523560209424, 'recall': 0.12099644128113879, 'f1-score': 0.10256410256410256, 'support': 562}, 'accuracy': 0.6663863190356042, 'macro avg': {'precision': 0.456382746234868, 'recall': 0.4446912322878239, 'f1-score': 0.44883714770078403, 'support': 3567}, 'weighted avg': {'precision': 0.7079956586194674, 'recall': 0.6663863190356042, 'f1-score': 0.6859958382723885, 'support': 3567}}"
66,P812,"(16083, 55)","(3567, 55)","{0.0: 10890, 1.0: 5193}","{0.0: 3005, 1.0: 562}",feet,acc,"['avg', 'std', 'max', 'min', 'var', 'fi', 'pi', 'fp', 'lp']",RandomForest,2020-07-23 22:06:52.958487,2020-07-23 22:07:21.003290,0:00:28.044803,0.9472946453602467,0.821969696969697,0.8761376353763892,"[[2945   60]
 [ 128  434]]","{'0.0': {'precision': 0.9583468922876668, 'recall': 0.9800332778702163, 'f1-score': 0.9690687726225732, 'support': 3005}, '1.0': {'precision': 0.8785425101214575, 'recall': 0.7722419928825622, 'f1-score': 0.821969696969697, 'support': 562}, 'accuracy': 0.9472946453602467, 'macro avg': {'precision': 0.9184447012045621, 'recall': 0.8761376353763892, 'f1-score': 0.8955192347961352, 'support': 3567}, 'weighted avg': {'precision': 0.9457732834350149, 'recall': 0.9472946453602467, 'f1-score': 0.9458925235289605, 'support': 3567}}"
67,P812,"(16083, 55)","(3567, 55)","{0.0: 10890, 1.0: 5193}","{0.0: 3005, 1.0: 562}",feet,acc,"['avg', 'std', 'max', 'min', 'var', 'fi', 'pi', 'fp', 'lp']",GaussianNaiveBayes,2020-07-23 22:07:21.003366,2020-07-23 22:07:21.059247,0:00:00.055881,0.5618166526492852,0.33062098501070664,0.6126343401566783,"[[1618 1387]
 [ 176  386]]","{'0.0': {'precision': 0.9018952062430323, 'recall': 0.5384359400998336, 'f1-score': 0.6743071473223589, 'support': 3005}, '1.0': {'precision': 0.21771009588268472, 'recall': 0.6868327402135231, 'f1-score': 0.33062098501070664, 'support': 562}, 'accuracy': 0.5618166526492852, 'macro avg': {'precision': 0.5598026510628585, 'recall': 0.6126343401566784, 'f1-score': 0.5024640661665327, 'support': 3567}, 'weighted avg': {'precision': 0.7940981689504852, 'recall': 0.5618166526492852, 'f1-score': 0.6201575473169907, 'support': 3567}}"
68,P812,"(16083, 55)","(3567, 55)","{0.0: 10890, 1.0: 5193}","{0.0: 3005, 1.0: 562}",feet,acc,"['avg', 'std', 'max', 'min', 'var', 'fi', 'pi', 'fp', 'lp']",K-NearestNeighbors,2020-07-23 22:07:21.059324,2020-07-23 22:07:23.047854,0:00:01.988530,0.8138491729744883,0.43441226575809194,0.6674673290660288,"[[2648  357]
 [ 307  255]]","{'0.0': {'precision': 0.896108291032149, 'recall': 0.881198003327787, 'f1-score': 0.8885906040268458, 'support': 3005}, '1.0': {'precision': 0.4166666666666667, 'recall': 0.45373665480427045, 'f1-score': 0.43441226575809194, 'support': 562}, 'accuracy': 0.8138491729744883, 'macro avg': {'precision': 0.6563874788494078, 'recall': 0.6674673290660287, 'f1-score': 0.6615014348924688, 'support': 3567}, 'weighted avg': {'precision': 0.8205696891556697, 'recall': 0.8138491729744883, 'f1-score': 0.8170323685048274, 'support': 3567}}"
69,P812,"(16083, 55)","(3567, 55)","{0.0: 10890, 1.0: 5193}","{0.0: 3005, 1.0: 562}",feet,acc,"['avg', 'std', 'max', 'min', 'var', 'fi', 'pi', 'fp', 'lp']",K-NearestNeighbors_DynamicTimeWrapping,2020-07-23 22:07:23.047933,2020-07-23 22:17:13.933429,0:09:50.885496,0.7782450238295486,0.342477140482128,0.6108946536318474,"[[2570  435]
 [ 356  206]]","{'0.0': {'precision': 0.8783321941216679, 'recall': 0.8552412645590682, 'f1-score': 0.8666329455403811, 'support': 3005}, '1.0': {'precision': 0.3213728549141966, 'recall': 0.3665480427046263, 'f1-score': 0.342477140482128, 'support': 562}, 'accuracy': 0.7782450238295486, 'macro avg': {'precision': 0.5998525245179323, 'recall': 0.6108946536318473, 'f1-score': 0.6045550430112545, 'support': 3567}, 'weighted avg': {'precision': 0.7905802601058005, 'recall': 0.7782450238295486, 'f1-score': 0.7840493844406508, 'support': 3567}}"
70,P876,"(19052, 55)","(598, 55)","{0.0: 13297, 1.0: 5755}",{0.0: 598},feet,acc,"['avg', 'std', 'max', 'min', 'var', 'fi', 'pi', 'fp', 'lp']",SupportVectorsMachine,2020-07-23 22:17:16.745153,2020-07-23 22:19:11.152565,0:01:54.407412,0.5568561872909699,0.0,0,"[[333 265]
 [  0   0]]","{'0.0': {'precision': 1.0, 'recall': 0.5568561872909699, 'f1-score': 0.715359828141783, 'support': 598}, '1.0': {'precision': 0.0, 'recall': 0.0, 'f1-score': 0.0, 'support': 0}, 'accuracy': 0.5568561872909699, 'macro avg': {'precision': 0.5, 'recall': 0.27842809364548493, 'f1-score': 0.3576799140708915, 'support': 598}, 'weighted avg': {'precision': 1.0, 'recall': 0.5568561872909699, 'f1-score': 0.715359828141783, 'support': 598}}"
71,P876,"(19052, 55)","(598, 55)","{0.0: 13297, 1.0: 5755}",{0.0: 598},feet,acc,"['avg', 'std', 'max', 'min', 'var', 'fi', 'pi', 'fp', 'lp']",RandomForest,2020-07-23 22:19:11.152649,2020-07-23 22:19:48.176735,0:00:37.024086,1.0,0.0,0,"[[598   0]
 [  0   0]]","{'0.0': {'precision': 1.0, 'recall': 1.0, 'f1-score': 1.0, 'support': 598}, 'accuracy': 1.0, 'macro avg': {'precision': 1.0, 'recall': 1.0, 'f1-score': 1.0, 'support': 598}, 'weighted avg': {'precision': 1.0, 'recall': 1.0, 'f1-score': 1.0, 'support': 598}}"
72,P876,"(19052, 55)","(598, 55)","{0.0: 13297, 1.0: 5755}",{0.0: 598},feet,acc,"['avg', 'std', 'max', 'min', 'var', 'fi', 'pi', 'fp', 'lp']",GaussianNaiveBayes,2020-07-23 22:19:48.176906,2020-07-23 22:19:48.218519,0:00:00.041613,0.23076923076923078,0.0,0,"[[138 460]
 [  0   0]]","{'0.0': {'precision': 1.0, 'recall': 0.23076923076923078, 'f1-score': 0.375, 'support': 598}, '1.0': {'precision': 0.0, 'recall': 0.0, 'f1-score': 0.0, 'support': 0}, 'accuracy': 0.23076923076923078, 'macro avg': {'precision': 0.5, 'recall': 0.11538461538461539, 'f1-score': 0.1875, 'support': 598}, 'weighted avg': {'precision': 1.0, 'recall': 0.23076923076923078, 'f1-score': 0.375, 'support': 598}}"
73,P876,"(19052, 55)","(598, 55)","{0.0: 13297, 1.0: 5755}",{0.0: 598},feet,acc,"['avg', 'std', 'max', 'min', 'var', 'fi', 'pi', 'fp', 'lp']",K-NearestNeighbors,2020-07-23 22:19:48.218601,2020-07-23 22:19:48.765703,0:00:00.547102,0.919732441471572,0.0,0,"[[550  48]
 [  0   0]]","{'0.0': {'precision': 1.0, 'recall': 0.919732441471572, 'f1-score': 0.9581881533101045, 'support': 598}, '1.0': {'precision': 0.0, 'recall': 0.0, 'f1-score': 0.0, 'support': 0}, 'accuracy': 0.919732441471572, 'macro avg': {'precision': 0.5, 'recall': 0.459866220735786, 'f1-score': 0.47909407665505227, 'support': 598}, 'weighted avg': {'precision': 1.0, 'recall': 0.919732441471572, 'f1-score': 0.9581881533101045, 'support': 598}}"
74,P876,"(19052, 55)","(598, 55)","{0.0: 13297, 1.0: 5755}",{0.0: 598},feet,acc,"['avg', 'std', 'max', 'min', 'var', 'fi', 'pi', 'fp', 'lp']",K-NearestNeighbors_DynamicTimeWrapping,2020-07-23 22:19:48.765786,2020-07-23 22:22:15.933240,0:02:27.167454,0.903010033444816,0.0,0,"[[540  58]
 [  0   0]]","{'0.0': {'precision': 1.0, 'recall': 0.903010033444816, 'f1-score': 0.9490333919156415, 'support': 598}, '1.0': {'precision': 0.0, 'recall': 0.0, 'f1-score': 0.0, 'support': 0}, 'accuracy': 0.903010033444816, 'macro avg': {'precision': 0.5, 'recall': 0.451505016722408, 'f1-score': 0.47451669595782076, 'support': 598}, 'weighted avg': {'precision': 1.0, 'recall': 0.903010033444816, 'f1-score': 0.9490333919156416, 'support': 598}}"
75,P940,"(17277, 55)","(2373, 55)","{0.0: 11522, 1.0: 5755}",{0.0: 2373},feet,acc,"['avg', 'std', 'max', 'min', 'var', 'fi', 'pi', 'fp', 'lp']",SupportVectorsMachine,2020-07-23 22:22:18.704461,2020-07-23 22:23:58.931774,0:01:40.227313,0.8268015170670038,0.0,0,"[[1962  411]
 [   0    0]]","{'0.0': {'precision': 1.0, 'recall': 0.8268015170670038, 'f1-score': 0.9051903114186851, 'support': 2373}, '1.0': {'precision': 0.0, 'recall': 0.0, 'f1-score': 0.0, 'support': 0}, 'accuracy': 0.8268015170670038, 'macro avg': {'precision': 0.5, 'recall': 0.4134007585335019, 'f1-score': 0.45259515570934256, 'support': 2373}, 'weighted avg': {'precision': 1.0, 'recall': 0.8268015170670038, 'f1-score': 0.905190311418685, 'support': 2373}}"
76,P940,"(17277, 55)","(2373, 55)","{0.0: 11522, 1.0: 5755}",{0.0: 2373},feet,acc,"['avg', 'std', 'max', 'min', 'var', 'fi', 'pi', 'fp', 'lp']",RandomForest,2020-07-23 22:23:58.931860,2020-07-23 22:24:32.713842,0:00:33.781982,0.9705014749262537,0.0,0,"[[2303   70]
 [   0    0]]","{'0.0': {'precision': 1.0, 'recall': 0.9705014749262537, 'f1-score': 0.9850299401197605, 'support': 2373}, '1.0': {'precision': 0.0, 'recall': 0.0, 'f1-score': 0.0, 'support': 0}, 'accuracy': 0.9705014749262537, 'macro avg': {'precision': 0.5, 'recall': 0.48525073746312686, 'f1-score': 0.49251497005988026, 'support': 2373}, 'weighted avg': {'precision': 1.0, 'recall': 0.9705014749262537, 'f1-score': 0.9850299401197604, 'support': 2373}}"
77,P940,"(17277, 55)","(2373, 55)","{0.0: 11522, 1.0: 5755}",{0.0: 2373},feet,acc,"['avg', 'std', 'max', 'min', 'var', 'fi', 'pi', 'fp', 'lp']",GaussianNaiveBayes,2020-07-23 22:24:32.713922,2020-07-23 22:24:32.768577,0:00:00.054655,0.5141171512852929,0.0,0,"[[1220 1153]
 [   0    0]]","{'0.0': {'precision': 1.0, 'recall': 0.5141171512852929, 'f1-score': 0.6790982465905928, 'support': 2373}, '1.0': {'precision': 0.0, 'recall': 0.0, 'f1-score': 0.0, 'support': 0}, 'accuracy': 0.5141171512852929, 'macro avg': {'precision': 0.5, 'recall': 0.25705857564264645, 'f1-score': 0.3395491232952964, 'support': 2373}, 'weighted avg': {'precision': 1.0, 'recall': 0.5141171512852929, 'f1-score': 0.6790982465905928, 'support': 2373}}"
78,P940,"(17277, 55)","(2373, 55)","{0.0: 11522, 1.0: 5755}",{0.0: 2373},feet,acc,"['avg', 'std', 'max', 'min', 'var', 'fi', 'pi', 'fp', 'lp']",K-NearestNeighbors,2020-07-23 22:24:32.768659,2020-07-23 22:24:34.423640,0:00:01.654981,0.9292035398230089,0.0,0,"[[2205  168]
 [   0    0]]","{'0.0': {'precision': 1.0, 'recall': 0.9292035398230089, 'f1-score': 0.9633027522935781, 'support': 2373}, '1.0': {'precision': 0.0, 'recall': 0.0, 'f1-score': 0.0, 'support': 0}, 'accuracy': 0.9292035398230089, 'macro avg': {'precision': 0.5, 'recall': 0.4646017699115044, 'f1-score': 0.48165137614678905, 'support': 2373}, 'weighted avg': {'precision': 1.0, 'recall': 0.9292035398230089, 'f1-score': 0.9633027522935781, 'support': 2373}}"
79,P940,"(17277, 55)","(2373, 55)","{0.0: 11522, 1.0: 5755}",{0.0: 2373},feet,acc,"['avg', 'std', 'max', 'min', 'var', 'fi', 'pi', 'fp', 'lp']",K-NearestNeighbors_DynamicTimeWrapping,2020-07-23 22:24:34.423743,2020-07-23 22:32:18.876083,0:07:44.452340,0.9224610198061526,0.0,0,"[[2189  184]
 [   0    0]]","{'0.0': {'precision': 1.0, 'recall': 0.9224610198061526, 'f1-score': 0.959666812801403, 'support': 2373}, '1.0': {'precision': 0.0, 'recall': 0.0, 'f1-score': 0.0, 'support': 0}, 'accuracy': 0.9224610198061526, 'macro avg': {'precision': 0.5, 'recall': 0.4612305099030763, 'f1-score': 0.4798334064007015, 'support': 2373}, 'weighted avg': {'precision': 1.0, 'recall': 0.9224610198061526, 'f1-score': 0.9596668128014031, 'support': 2373}}"
